EID,NAME,ADDRESS,PHONE,EMAIL,DOB,DOJ
1001,RAMESH GUPTA,"SECTOR 7,Rohini,Gurgaon",9999002727,RK@YAHOO.CO.IN,9/1/1990,3/15/2012
1002,Sandeep Sharma,"SECTOR 2,PALAM,GURGAON",9567890010,SAM1@YAHOO.COM,9/15/1995,3/15/2012
1003,Rajesh Sharma,"Sector 11,Dwarka,Delhi",9999001001,RSharma56@gmail.com,3/16/2001,4/1/2012
1004,Yogeshwar Sharma,"Sector 11,Dwarka,Delhi",8899001001,YSharma@gmail.com,9/25/1989,5/10/2012
1005,Manoj Kumar,"B320,Janakpuri,Delhi",9999912399,mKumar@gmail.com,7/1/1985,11/7/2012
1006,Rohit Gupta,"A32/620 Main Road,Sector 56,Noida",8899001123,rgupta@gmail.com,3/31/1992,5/10/2012
1007,Kapil Sharma,"Jay Maa Apartments Flat 32,Sector 72,Gurgaon",9999001099,kSharma@gmail.com,9/28/1987,5/10/2012
1008,Archna Sharma,"5C Karanpur,NP Road,Dehradun",9899249700,ASharma@gmail.com,5/10/1985,1/1/2013
1009,Ranjeeta Goyal,"Flat No 6A,Rajpur Road,Dehradun",9999002700,rgoyal@gmail.com,12/31/1989,2/10/2013
1010,Komal Singh,"Sector 64,Old Gurgaon Road,Gurgaon",7285912349,ksing@gmail.com,3/31/1990,5/10/2013
1011,AMIT KAPOOR,"B2/45 DDA FLATS,JANAKPURI,DELHI",989970701,RK2@GMAIL.COM,1/1/1992,1/4/2015
1012,MONIKA ARORA,"B1/45,JANAKPURI,DELHI",999999234,MA@GMAIL.COM,1/1/1982,1/4/2015
1013,ROHAN KUMAR,"B305,RAJOURI GARDEN,DELHI",9811098110,RK@GMAIL.COM,10/10/1998,1/4/2016
1014,RAJAT KUMAR,"HNO-B205,SECTOR 62,NOIDA",9811098115,RAJATK@GMAIL.COM,10/10/1998,1/4/2016
1015,ABHISHEK SHARMA,"C2-101,JANAKPURI,DELHI",9898989800,AB@GMAIL.COM,10/11/1982,3/5/2018
1019,RAJAT KAPOOR,"B501/1 POCKET 1,JANAKPURI,DELHI",9899256570,RJT@YAHOO.CO.IN,10/11/1983,3/1/2018
1020,Rohan Kumar,"B-256,RAJOURIGARDEN,DELHI",9898999987,RKUMAR@GMAIL.COM,10/10/1989,1/2/2017
1021,Lalit Sharma,"C2-401,Janak Puri,DELHI",9898999989,ls@GMAIL.COM,10/12/1989,1/2/2017
1022,Monika Bajaj,"DLF,Phase 5,GURGAON",9898101089,MBAJAJ@GMAIL.COM,10/12/1992,1/2/2016
1023,Devender Kapoor,"E102/3 Pocket 1 Sector 3,Dwarka,Delhi",9899346907,dk@yahoo.co.in,10/10/1982,2/25/2018
1024,Ravinder Kumar,"B302-Jay Maa Apt,Dwarka,Delhi",9899768756,rk@yahoo.com,10/10/1985,10/10/2018
1025,GAURAV GUPTA,"D41-Jay Maa Apt,Dwarka,Delhi",9899768788,gk@yahoo.co.in,12/10/1987,10/15/2018
1026,David,"M121/4,Vatika Tower,Gurgaon",9999999988,dd@gmail.com,12/17/1987,10/16/2018
1027,KONIKA KAPOOR,"C2-431,SUPERTECH,NOIDA",8888909970,KK@YAHOO.CO.IN,10/10/1980,1/6/2018
1028,RAJAT SHARMA,"SECTOR 11 , POCKET 2,ABCD,DELHI",9999999987,RS@GMAIL.COM,1/14/1989,1/1/2019
1029,ROHIT KAPOOR,"450 DLF ,PHASE 2,GURGAON",8880008800,RS01@GMAIL.COM,10/10/1988,4/3/2017
1030,KONIKA SHARMA,"DDA SFS FLAT,POCKET 2,DELHI",999900880,KS@YAHOO.CO.IN,10/10/1990,4/3/2017
1031,AVIKANT GUPTA,"B-305 ,DLF PHASE 2,GURGAON",9999009876,AG30@GMAIL.COM,10/10/1989,4/10/2018
1032,ROSHANLAL TIWARI,"1024 ,PALAM VIHAR 2,GURGAON",9999000099,RT31@YAHOO.CO.IN,10/5/1989,4/10/2018
1033,MONIKA KAPOOR,"A401 PRAGYA APARTMENTS,DWARKA SEC 3,DELHI",9900000212,MK32@YAHOO.CO.IN,1/1/1992,4/12/2018
1034,ANJAN SINGH,"A212/5 ,PALAM VIHAR 5,GURGAON",9912340090,AS32@YAHOO.COM,10/7/1989,4/12/2018
1035,MANOJ TIWARI,"B-402,PALAM VIHAR -2,GURGAON",9999999087,MT34@YAHOO.CO.IN,10/5/1990,12/12/2018
1036,ROBERT,"267,UDYOG VIHAR 2,GURGAON",9999000011,RBT@YAHOO.CO.IN,10/15/1989,12/12/2018
1037,MIKE,"C2-141,VASANT VIHAR,DELHI",8800000078,MIKE@YAHOO.COM,10/21/1989,12/12/2018
1038,RAJAT MAHAJAN,"B321 POCKET 1,SECTOR 62,NOIDA",9899654540,RM@YAHOO.CO.IN,12/4/1991,1/1/2019
1039,ROHIT GUPTA,"4219 POCKET 2,SECTOR 15,NOIDA",9899600041,rg@YAHOO.CO.IN,12/5/1991,1/1/2019
1040,SAMEER SHARMA,"B401 JYA MAA APT,SECTOR 5 DWARKA,DELHI",9899600099,SS@GMAIL.COM,1/1/1990,1/2/2019
1041,DEEPANKAR SHARMA,"302/2 ,RAJPUR ROAD,DEHRADUN",9999008987,DS@GMAIL.COM,4/5/1991,1/4/2019
1042,AKHILESH MUNJAL,"B101 ,PACHIM VIHAR,DELHI",9999008111,AM@GMAIL.COM,5/5/1991,1/4/2019
1043,GAGAN KAPOOR,"C2/15,JANAK PURI,DELHI",9877687657,GK@GMAIL.COM,10/10/1989,1/10/2001
1044,GAGAN KAPOOR,"C2/15,PALAM VIHAR,GURGAON",9877000657,GK01@GMAIL.COM,10/10/1991,1/10/2001
1045,RAJAT SHARMA,"A101,RAJPUR ROAD,DEHRADUN",9888786540,RS@EMAIL.COM,5/10/1991,2/2/2019
1046,KOMAL KAPOOR,"B2-101 ,SECTOR 62,NOIDA",9888221140,KK@GMAIL.COM,12/10/1991,2/2/2019
1047,MANIK NARULA,"B301,SECTOR 2,NOIDA",9888767567,MN@GMAIL.COM,1/15/1992,2/2/2019
1048,MOHIT SHARMA,"A4/32,SECTOR 16,NOIDA",9111000567,MS01@GMAIL.COM,5/12/1992,5/2/2019
1049,RAVINDER KAPOOR,"B302 PRAGYA APT,SECTOR 2 DWARKA,DELHI ",9111000111,RK01@GMAIL.COM,12/12/1994,5/6/2019
1050,ABHAS KUMAR SHARMA,"A61,SECTOR 2,NOIDA",7677567690,AS50@YAHOO.CO.IN,1/1/1997,6/6/2019
1051,RONITA,"C4/104,JANAK PURI,DELHI",767756111,RONI@YAHOO.CO.IN,1/1/1999,6/7/2019
1052,MAHENDER SINGH,"B62 ,SECTOR 2,NOIDA",9899099098,MS52@OUTLOOK.COM,1/4/1984,7/7/2019
1053,Ainul,"DLF PHASE 2,SECTOR 5,GURGAON ",9818009010,AI53@OUTLOOK.COM,1/4/1980,7/8/2019
1054,RANJITA SHARMA,"POCKET 2,SECTOR 13 DWARKA,DELHI",9999898870,RA54@OUTLOOK.COM,10/1/1998,8/8/2019
1055,ASHUTOSH KUMAR,"B2/204,JANAK PURI WEST,DELHI",9991111170,AK55@OUTLOOK.COM,10/1/1998,8/8/2019
1056,RAJEEV SHARMA,"B203 STREET NO 6,RAJEDER NAGAR ,DEHRADUN",9787756760,RS56@OUTLOOK.COM,12/12/1998,9/9/2019
1057,ABHINAV GHOSH,"HNO 305,SECTOR 15,DEHRADUN",9787777700,AG57@OUTLOOK.COM,1/1/1998,9/9/2019
1058,PUMMY SINGH,"TEACHERS COLONY,SECTOR 17,CHANDIGARH",9899675470,PUM58@OUTLOOK.COM,1/1/1999,9/9/2019
1059,AMAN MUDGAL,"B502 - POLICE COLONY,PRETAMPURA,DELHI",9999787860,AM59@GMAIL.COM,10/10/1989,12/12/2019
1060,GAURAV GUPTA,"HOUSE NO  305,RAJENDER PARK,DEHRADUN",9999008989,GG61@GMAIL.COM,1/1/1987,12/12/2019
1061,RAGHUVEER SINGH,"B72/3 TEACHERS COLONY,SECTOR 25,CHANDIGARH",9899787870,RS61@OUTLOOK.COM,10/1/1997,12/12/2019
1062,ABHISHEK KUMAR,"4231,DLF PHASE 3,GURGAON",9899781111,AK62@OUTLOOK.COM,12/3/1999,12/15/2019
1063,GAGAN KAPOOR,"256 UDYOUG VIGAR,SECTOR 12,GURGAON",9999808070,GK63@OUTLOOK.COM,10/10/1998,12/21/2019
1064,RAJ KUMAR,"HNO 120 LANE 6,SECTOR 12,CHANDIGARH",9899898980,RK64@GMAIL.COM,12/12/1989,12/20/2019
1065,SANDEEP SHARMA,"SECTOR 32,GEETA COLONY,CHANDIGARH",9899898970,SS065@GMAIL.COM,12/25/1989,12/25/2019
1066,ABHISHEK BHIST,"HNO 420, SIDDHARTH COLONY,GORE GAON,MUMBAI",9899898909,AB66@OUTLOOK.COM,1/1/1998,12/26/2019
